ConsensusTime, 2001308 , txs, 1198 , blockNum, 1
ConsensusTime, 156340412 , txs, 1199 , blockNum, 2
ConsensusTime, 1074652465 , txs, 1199 , blockNum, 3
ConsensusTime, 114826742 , txs, 1200 , blockNum, 4
ConsensusTime, 841284187 , txs, 1201 , blockNum, 5
ConsensusTime, 241365898 , txs, 1201 , blockNum, 6
ConsensusTime, 2321681 , txs, 1202 , blockNum, 8
ConsensusTime, 2587800 , txs, 1203 , blockNum, 9
ConsensusTime, 133770668 , txs, 1204 , blockNum, 10
ConsensusTime, 849188753 , txs, 1204 , blockNum, 11
ConsensusTime, 104601937 , txs, 1205 , blockNum, 12
