ConsensusTime, 1370006 , txs, 599
ConsensusTime, 402003131 , txs, 599
ConsensusTime, 401975647 , txs, 599
ConsensusTime, 1293998 , txs, 600
ConsensusTime, 342121920 , txs, 600
ConsensusTime, 502588847 , txs, 600
ConsensusTime, 302003694 , txs, 601
ConsensusTime, 201711241 , txs, 601
ConsensusTime, 502253088 , txs, 601
ConsensusTime, 103150179 , txs, 602
ConsensusTime, 101578387 , txs, 602
ConsensusTime, 301678634 , txs, 602
ConsensusTime, 240036634 , txs, 602
ConsensusTime, 2302272 , txs, 603
ConsensusTime, 6790981 , txs, 603
ConsensusTime, 202117681 , txs, 604
ConsensusTime, 301658547 , txs, 604
ConsensusTime, 803486833 , txs, 604
ConsensusTime, 301938974 , txs, 604
ConsensusTime, 450696750 , txs, 605
ConsensusTime, 1404329 , txs, 606
ConsensusTime, 1115898 , txs, 606
ConsensusTime, 201618534 , txs, 606
ConsensusTime, 301958776 , txs, 607
ConsensusTime, 502511892 , txs, 607
ConsensusTime, 219318118 , txs, 607
ConsensusTime, 401828038 , txs, 607
ConsensusTime, 402199056 , txs, 608
ConsensusTime, 402009367 , txs, 608
ConsensusTime, 402203448 , txs, 608
ConsensusTime, 101252894 , txs, 609
ConsensusTime, 201539394 , txs, 609
ConsensusTime, 301762878 , txs, 609
ConsensusTime, 266321914 , txs, 610
ConsensusTime, 301875340 , txs, 610
ConsensusTime, 101315273 , txs, 610
ConsensusTime, 502123771 , txs, 610
ConsensusTime, 402146985 , txs, 611
ConsensusTime, 201856634 , txs, 611
ConsensusTime, 101643830 , txs, 611
ConsensusTime, 402212230 , txs, 612
ConsensusTime, 341278005 , txs, 612
ConsensusTime, 402046801 , txs, 612
ConsensusTime, 402423398 , txs, 612
ConsensusTime, 202457843 , txs, 613
ConsensusTime, 101240772 , txs, 613
ConsensusTime, 405173518 , txs, 613
ConsensusTime, 301843235 , txs, 614
ConsensusTime, 1551814 , txs, 614
ConsensusTime, 324589088 , txs, 614
ConsensusTime, 1376598 , txs, 615
ConsensusTime, 392908 , txs, 615
ConsensusTime, 1363663 , txs, 615
ConsensusTime, 1182877 , txs, 616
ConsensusTime, 505674288 , txs, 616
ConsensusTime, 101605996 , txs, 616
ConsensusTime, 120056124 , txs, 617
ConsensusTime, 602596327 , txs, 617
ConsensusTime, 109149095 , txs, 617
ConsensusTime, 101262332 , txs, 618
ConsensusTime, 201629148 , txs, 618
ConsensusTime, 201416616 , txs, 618
ConsensusTime, 203322103 , txs, 618
ConsensusTime, 201766661 , txs, 619
ConsensusTime, 496125074 , txs, 619
ConsensusTime, 401850499 , txs, 619
ConsensusTime, 402128977 , txs, 620
ConsensusTime, 302049374 , txs, 620
ConsensusTime, 402225289 , txs, 620
ConsensusTime, 602177122 , txs, 621
ConsensusTime, 101314940 , txs, 621
ConsensusTime, 101616445 , txs, 621
ConsensusTime, 122288542 , txs, 622
ConsensusTime, 803363134 , txs, 622
ConsensusTime, 301858857 , txs, 622
ConsensusTime, 201416520 , txs, 622
ConsensusTime, 402484452 , txs, 623
ConsensusTime, 401814882 , txs, 623
ConsensusTime, 201570600 , txs, 623
ConsensusTime, 402254132 , txs, 624
ConsensusTime, 240275809 , txs, 624
ConsensusTime, 1432993 , txs, 625
ConsensusTime, 6438318 , txs, 625
ConsensusTime, 105393505 , txs, 625
ConsensusTime, 201918369 , txs, 626
ConsensusTime, 201780143 , txs, 626
ConsensusTime, 235730175 , txs, 626
ConsensusTime, 602573393 , txs, 627
ConsensusTime, 1539621 , txs, 627
ConsensusTime, 401986663 , txs, 627
ConsensusTime, 702454054 , txs, 628
ConsensusTime, 2248396 , txs, 628
ConsensusTime, 608089713 , txs, 628
ConsensusTime, 302803164 , txs, 629
ConsensusTime, 229510401 , txs, 629
ConsensusTime, 604226503 , txs, 629
ConsensusTime, 302489986 , txs, 629
ConsensusTime, 1163947 , txs, 630
ConsensusTime, 301730910 , txs, 630
ConsensusTime, 201701752 , txs, 630
ConsensusTime, 402180625 , txs, 631
ConsensusTime, 201565045 , txs, 631
ConsensusTime, 222677021 , txs, 631
ConsensusTime, 502259265 , txs, 632
ConsensusTime, 201801516 , txs, 632
ConsensusTime, 402084228 , txs, 632
ConsensusTime, 301796525 , txs, 633
ConsensusTime, 201501021 , txs, 633
ConsensusTime, 301710036 , txs, 633
ConsensusTime, 1048432 , txs, 633
ConsensusTime, 247284833 , txs, 634
ConsensusTime, 1417941 , txs, 635
ConsensusTime, 1371011 , txs, 635
ConsensusTime, 1440345 , txs, 635
ConsensusTime, 403323098 , txs, 636
ConsensusTime, 502157675 , txs, 636
ConsensusTime, 247595888 , txs, 636
ConsensusTime, 502304594 , txs, 637
ConsensusTime, 410082749 , txs, 637
ConsensusTime, 302691760 , txs, 637
ConsensusTime, 201731725 , txs, 637
ConsensusTime, 502273586 , txs, 638
ConsensusTime, 313236982 , txs, 638
ConsensusTime, 106358014 , txs, 638
ConsensusTime, 226867434 , txs, 639
ConsensusTime, 614431027 , txs, 639
ConsensusTime, 201994121 , txs, 639
ConsensusTime, 1146182 , txs, 640
ConsensusTime, 301936706 , txs, 640
ConsensusTime, 201386640 , txs, 640
ConsensusTime, 201627410 , txs, 641
ConsensusTime, 402082362 , txs, 641
ConsensusTime, 225307687 , txs, 641
ConsensusTime, 1300683 , txs, 642
ConsensusTime, 4333058 , txs, 642
ConsensusTime, 1398125 , txs, 643
ConsensusTime, 303493917 , txs, 643
ConsensusTime, 201492586 , txs, 643
ConsensusTime, 267353734 , txs, 644
ConsensusTime, 707000263 , txs, 644
ConsensusTime, 105409465 , txs, 644
ConsensusTime, 302026831 , txs, 645
ConsensusTime, 1431415 , txs, 645
ConsensusTime, 301840143 , txs, 645
ConsensusTime, 403523196 , txs, 646
ConsensusTime, 317708468 , txs, 646
ConsensusTime, 255228279 , txs, 646
ConsensusTime, 1413157 , txs, 647
ConsensusTime, 1385920 , txs, 647
ConsensusTime, 1316395 , txs, 648
ConsensusTime, 501920339 , txs, 648
ConsensusTime, 101485380 , txs, 648
ConsensusTime, 222216978 , txs, 649
ConsensusTime, 602488361 , txs, 649
ConsensusTime, 301893757 , txs, 649
ConsensusTime, 301710634 , txs, 650
ConsensusTime, 1430334 , txs, 650
ConsensusTime, 502641504 , txs, 650
ConsensusTime, 203236504 , txs, 651
ConsensusTime, 309133031 , txs, 651
ConsensusTime, 121422523 , txs, 651
ConsensusTime, 702676037 , txs, 652
ConsensusTime, 301760802 , txs, 652
ConsensusTime, 301775575 , txs, 652
ConsensusTime, 1201665 , txs, 653
ConsensusTime, 301893573 , txs, 653
ConsensusTime, 402183289 , txs, 653
ConsensusTime, 101494152 , txs, 654
ConsensusTime, 224729295 , txs, 654
ConsensusTime, 1401979 , txs, 655
ConsensusTime, 1228445 , txs, 655
ConsensusTime, 401979861 , txs, 655
ConsensusTime, 303257439 , txs, 656
ConsensusTime, 201427953 , txs, 656
ConsensusTime, 391340183 , txs, 656
ConsensusTime, 1425124 , txs, 657
ConsensusTime, 1317790 , txs, 658
ConsensusTime, 101435055 , txs, 658
ConsensusTime, 101323425 , txs, 658
ConsensusTime, 201799126 , txs, 659
ConsensusTime, 129200494 , txs, 659
ConsensusTime, 702621875 , txs, 659
ConsensusTime, 101644149 , txs, 660
ConsensusTime, 301573883 , txs, 660
ConsensusTime, 101248522 , txs, 660
ConsensusTime, 101258904 , txs, 661
ConsensusTime, 101239756 , txs, 661
ConsensusTime, 405914840 , txs, 661
ConsensusTime, 336022026 , txs, 662
ConsensusTime, 1222521 , txs, 663
ConsensusTime, 446665 , txs, 663
ConsensusTime, 1395818 , txs, 663
ConsensusTime, 201561842 , txs, 663
ConsensusTime, 401764274 , txs, 663
ConsensusTime, 101854387 , txs, 664
ConsensusTime, 230032299 , txs, 664
ConsensusTime, 1366080 , txs, 665
ConsensusTime, 101805541 , txs, 665
ConsensusTime, 589961 , txs, 665
ConsensusTime, 301695700 , txs, 666
ConsensusTime, 1180169 , txs, 666
ConsensusTime, 511475783 , txs, 666
ConsensusTime, 425893717 , txs, 667
ConsensusTime, 803253956 , txs, 667
ConsensusTime, 101217554 , txs, 667
ConsensusTime, 1041587 , txs, 668
ConsensusTime, 205005652 , txs, 668
ConsensusTime, 101499525 , txs, 668
ConsensusTime, 402263083 , txs, 669
ConsensusTime, 502188511 , txs, 669
ConsensusTime, 228447168 , txs, 669
ConsensusTime, 707389193 , txs, 670
ConsensusTime, 3785699 , txs, 670
ConsensusTime, 201540218 , txs, 670
ConsensusTime, 201483986 , txs, 671
ConsensusTime, 201635512 , txs, 671
ConsensusTime, 1331341 , txs, 671
ConsensusTime, 201530985 , txs, 672
ConsensusTime, 130384645 , txs, 672
ConsensusTime, 703000789 , txs, 672
ConsensusTime, 102833116 , txs, 673
ConsensusTime, 1072623 , txs, 673
ConsensusTime, 402098304 , txs, 673
ConsensusTime, 201656767 , txs, 674
ConsensusTime, 702928901 , txs, 674
ConsensusTime, 101495709 , txs, 674
ConsensusTime, 241611064 , txs, 675
ConsensusTime, 1358125 , txs, 676
ConsensusTime, 502710124 , txs, 676
ConsensusTime, 301851599 , txs, 676
ConsensusTime, 903314451 , txs, 677
ConsensusTime, 201631011 , txs, 677
ConsensusTime, 664084966 , txs, 677
ConsensusTime, 1333284 , txs, 678
ConsensusTime, 1529637 , txs, 678
ConsensusTime, 1778014 , txs, 679
ConsensusTime, 102447003 , txs, 679
ConsensusTime, 215814153 , txs, 679
ConsensusTime, 402018237 , txs, 680
ConsensusTime, 225552574 , txs, 680
ConsensusTime, 1343748 , txs, 681
ConsensusTime, 2231878 , txs, 681
ConsensusTime, 2870600 , txs, 682
ConsensusTime, 201380371 , txs, 682
ConsensusTime, 202862725 , txs, 682
ConsensusTime, 147835856 , txs, 683
ConsensusTime, 903737190 , txs, 683
ConsensusTime, 1488006 , txs, 683
ConsensusTime, 302812404 , txs, 684
ConsensusTime, 402196169 , txs, 684
ConsensusTime, 201720860 , txs, 684
ConsensusTime, 502192536 , txs, 685
ConsensusTime, 201687523 , txs, 685
ConsensusTime, 244032421 , txs, 685
ConsensusTime, 1003282163 , txs, 686
ConsensusTime, 201407661 , txs, 686
ConsensusTime, 5846545 , txs, 686
