ConsensusTime, 4586330 , txs, 1998
ConsensusTime, 201609176 , txs, 1999
ConsensusTime, 1295966 , txs, 1999
ConsensusTime, 502727344 , txs, 2000
ConsensusTime, 301814908 , txs, 2001
ConsensusTime, 301955919 , txs, 2002
ConsensusTime, 167848358 , txs, 2003
ConsensusTime, 1304232609 , txs, 2004
ConsensusTime, 602425142 , txs, 2005
ConsensusTime, 201662880 , txs, 2006
ConsensusTime, 201898016 , txs, 2007
ConsensusTime, 305650556 , txs, 2008
ConsensusTime, 209522073 , txs, 2009
ConsensusTime, 703229499 , txs, 2010
ConsensusTime, 275378214 , txs, 2011
ConsensusTime, 1304067039 , txs, 2012
ConsensusTime, 1122264 , txs, 2013
ConsensusTime, 602257168 , txs, 2014
ConsensusTime, 201645500 , txs, 2015
ConsensusTime, 1719595 , txs, 2016
ConsensusTime, 1023477 , txs, 2017
ConsensusTime, 407565261 , txs, 2018
ConsensusTime, 280758781 , txs, 2019
ConsensusTime, 1504756085 , txs, 2020
ConsensusTime, 301590082 , txs, 2021
ConsensusTime, 401954383 , txs, 2022
ConsensusTime, 2268688 , txs, 2023
ConsensusTime, 502257525 , txs, 2024
ConsensusTime, 301926974 , txs, 2025
ConsensusTime, 105184000 , txs, 2026
ConsensusTime, 320387573 , txs, 2027
ConsensusTime, 1204025556 , txs, 2028
ConsensusTime, 402279651 , txs, 2029
ConsensusTime, 502254213 , txs, 2030
ConsensusTime, 201535213 , txs, 2031
ConsensusTime, 1308832 , txs, 2032
ConsensusTime, 1750183 , txs, 2033
ConsensusTime, 702802427 , txs, 2034
ConsensusTime, 543754433 , txs, 2035
ConsensusTime, 1103655840 , txs, 2036
ConsensusTime, 405248171 , txs, 2037
ConsensusTime, 301918657 , txs, 2038
ConsensusTime, 201649182 , txs, 2039
ConsensusTime, 401959796 , txs, 2040
ConsensusTime, 205059290 , txs, 2041
ConsensusTime, 802864874 , txs, 2042
ConsensusTime, 305266866 , txs, 2043
ConsensusTime, 1204131988 , txs, 2044
ConsensusTime, 201752774 , txs, 2045
ConsensusTime, 204905467 , txs, 2046
ConsensusTime, 301700750 , txs, 2047
ConsensusTime, 802680544 , txs, 2048
ConsensusTime, 201819750 , txs, 2049
ConsensusTime, 303713668 , txs, 2050
ConsensusTime, 284973712 , txs, 2051
ConsensusTime, 1402061 , txs, 2052
ConsensusTime, 101877687 , txs, 2054
ConsensusTime, 201818598 , txs, 2055
ConsensusTime, 301807754 , txs, 2056
ConsensusTime, 803015281 , txs, 2057
ConsensusTime, 1187377 , txs, 2058
ConsensusTime, 379110661 , txs, 2059
ConsensusTime, 1408516328 , txs, 2060
ConsensusTime, 201847878 , txs, 2061
ConsensusTime, 101169258 , txs, 2062
ConsensusTime, 301616593 , txs, 2063
ConsensusTime, 302099435 , txs, 2064
ConsensusTime, 107867315 , txs, 2065
ConsensusTime, 201921591 , txs, 2066
ConsensusTime, 275557580 , txs, 2067
ConsensusTime, 1508862303 , txs, 2068
ConsensusTime, 320030011 , txs, 2069
ConsensusTime, 106347626 , txs, 2070
ConsensusTime, 201881532 , txs, 2071
ConsensusTime, 404478240 , txs, 2072
ConsensusTime, 101317037 , txs, 2073
ConsensusTime, 114621088 , txs, 2074
ConsensusTime, 326031055 , txs, 2075
ConsensusTime, 2005570527 , txs, 2076
ConsensusTime, 602506458 , txs, 2077
ConsensusTime, 502487338 , txs, 2078
ConsensusTime, 1631365 , txs, 2079
ConsensusTime, 302659802 , txs, 2080
ConsensusTime, 401844407 , txs, 2081
ConsensusTime, 101411488 , txs, 2082
ConsensusTime, 384101608 , txs, 2083
ConsensusTime, 2208769967 , txs, 2084
ConsensusTime, 309624407 , txs, 2085
ConsensusTime, 702657532 , txs, 2086
ConsensusTime, 502341232 , txs, 2087
ConsensusTime, 301829878 , txs, 2088
ConsensusTime, 903176085 , txs, 2089
ConsensusTime, 301682110 , txs, 2090
ConsensusTime, 293642821 , txs, 2091
ConsensusTime, 2128576324 , txs, 2092
ConsensusTime, 3057313 , txs, 2093
ConsensusTime, 3504308 , txs, 2094
ConsensusTime, 1639835 , txs, 2095
