INFO [09-11|17:35:29] Sealing                                  block n=1
INFO [09-11|17:35:31] Sealing                                  block n=2
INFO [09-11|17:35:32] Sealing                                  block n=3
INFO [09-11|17:35:32] Sealing                                  block n=4
INFO [09-11|17:35:35] Sealing                                  block n=5
INFO [09-11|17:35:35] Sealing                                  block n=6
INFO [09-11|17:35:35] Sealing                                  block n=7
INFO [09-11|17:35:38] Sealing                                  block n=8
INFO [09-11|17:35:42] Sealing                                  block n=10
INFO [09-11|17:35:42] Sealing                                  block n=11
INFO [09-11|17:35:43] Sealing                                  block n=11
INFO [09-11|17:35:43] Sealing                                  block n=12
INFO [09-11|17:35:43] Sealing                                  block n=13
INFO [09-11|17:35:44] Sealing                                  block n=14
INFO [09-11|17:35:45] Sealing                                  block n=15
INFO [09-11|17:35:47] Sealing                                  block n=16
INFO [09-11|17:35:50] Sealing                                  block n=18
INFO [09-11|17:35:51] Sealing                                  block n=18
INFO [09-11|17:35:51] Sealing                                  block n=19
INFO [09-11|17:35:53] Sealing                                  block n=20
INFO [09-11|17:35:57] Sealing                                  block n=21
INFO [09-11|17:35:57] Sealing                                  block n=22
INFO [09-11|17:35:57] Sealing                                  block n=23
INFO [09-11|17:36:00] Sealing                                  block n=24
